{"entities":{"pages":{"home":{"id":"home","title":"Начало работы","url":"home.html","level":0,"pages":["objects","obejct_fields","commands_schemes","lifecycle","directories","database","custom_commands","pages","menu"],"tabIndex":0},"objects":{"id":"objects","title":"Объекты","url":"objects.html","level":1,"parentId":"home","pages":["action_buttons"],"tabIndex":0},"action_buttons":{"id":"action_buttons","title":"Action buttons","url":"action-buttons.html","level":2,"parentId":"objects","tabIndex":0},"obejct_fields":{"id":"obejct_fields","title":"Поля объекта","url":"obejct-fields.html","level":1,"parentId":"home","pages":["custom_list","list_donor","joins"],"tabIndex":1},"custom_list":{"id":"custom_list","title":"Кастомный список","url":"custom-list.html","level":2,"parentId":"obejct_fields","tabIndex":0},"list_donor":{"id":"list_donor","title":"Связанные объекты","url":"list-donor.html","level":2,"parentId":"obejct_fields","tabIndex":1},"joins":{"id":"joins","title":"Связанные таблицы","url":"joins.html","level":2,"parentId":"obejct_fields","tabIndex":2},"commands_schemes":{"id":"commands_schemes","title":"Схемы комманд","url":"commands-schemes.html","level":1,"parentId":"home","tabIndex":2},"lifecycle":{"id":"lifecycle","title":"Цикл запроса","url":"lifecycle.html","level":1,"parentId":"home","tabIndex":3},"directories":{"id":"directories","title":"Директории","url":"directories.html","level":1,"parentId":"home","tabIndex":4},"database":{"id":"database","title":"Таблицы","url":"database.html","level":1,"parentId":"home","tabIndex":5},"custom_commands":{"id":"custom_commands","title":"Кастомные команды","url":"custom-commands.html","level":1,"parentId":"home","tabIndex":6},"pages":{"id":"pages","title":"Страницы","url":"pages.html","level":1,"parentId":"home","tabIndex":7},"menu":{"id":"menu","title":"Меню","url":"menu.html","level":1,"parentId":"home","tabIndex":8},"components":{"id":"components","title":"Компоненты","url":"components.html","level":0,"pages":["day-planning","analytic-widgets","modal","radio","filters","datetime","list","form","button","header"],"tabIndex":1},"day-planning":{"id":"day-planning","title":"day_planning","url":"day-planning.html","level":1,"parentId":"components","tabIndex":0},"analytic-widgets":{"id":"analytic-widgets","title":"analytic_widgets","url":"analytic-widgets.html","level":1,"parentId":"components","tabIndex":1},"modal":{"id":"modal","title":"modal","url":"modal.html","level":1,"parentId":"components","tabIndex":2},"radio":{"id":"radio","title":"radio","url":"radio.html","level":1,"parentId":"components","tabIndex":3},"filters":{"id":"filters","title":"filters","url":"filters.html","level":1,"parentId":"components","tabIndex":4},"datetime":{"id":"datetime","title":"datetime","url":"datetime.html","level":1,"parentId":"components","tabIndex":5},"list":{"id":"list","title":"list","url":"list.html","level":1,"parentId":"components","tabIndex":6},"form":{"id":"form","title":"form","url":"form.html","level":1,"parentId":"components","tabIndex":7},"button":{"id":"button","title":"button","url":"button.html","level":1,"parentId":"components","tabIndex":8},"header":{"id":"header","title":"header","url":"header.html","level":1,"parentId":"components","tabIndex":9},"core":{"id":"core","title":"Ядро","url":"core.html","level":0,"pages":["app_configs","default_commands","integrations"],"tabIndex":2},"app_configs":{"id":"app_configs","title":"Настройки проекта","url":"app-configs.html","level":1,"parentId":"core","tabIndex":0},"default_commands":{"id":"default_commands","title":"Стандартные комманды","url":"default-commands.html","level":1,"parentId":"core","tabIndex":1},"integrations":{"id":"integrations","title":"Интеграции","url":"integrations.html","level":1,"parentId":"core","tabIndex":2},"cronTasks":{"id":"cronTasks","title":"Крон задачи","url":"crontasks.html","level":0,"tabIndex":3}}},"topLevelIds":["home","components","core","cronTasks"]}